{
    "total_runtime": 127.37185525894165,
    "num_documents": 1,
    "input_load_time": 0,
    "workflows": {
        "create_base_text_units": {
            "overall": 0.047833919525146484
        },
        "create_final_documents": {
            "overall": 0.013452768325805664
        },
        "extract_graph": {
            "overall": 91.23750925064087
        },
        "finalize_graph": {
            "overall": 0.03223013877868652
        },
        "create_communities": {
            "overall": 0.04723620414733887
        },
        "create_final_text_units": {
            "overall": 0.03514719009399414
        },
        "create_community_reports": {
            "overall": 28.64183807373047
        },
        "generate_text_embeddings": {
            "overall": 7.273983955383301
        }
    }
}